Title,Price,Rating,Colors,Size,Gender,Timestamp
T-shirt 2,2043000.0,3.9,3,M,Women,2025-05-07 15:10:55
Hoodie 3,9937600.0,4.8,3,L,Unisex,2025-05-07 15:10:55
Pants 4,9346200.0,3.3,3,XL,Men,2025-05-07 15:10:55
Outerwear 5,6431799.999999999,3.5,3,XXL,Women,2025-05-07 15:10:55
Jacket 6,3067400.0,3.3,3,S,Unisex,2025-05-07 15:10:55
Crewneck 7,8615000.0,4.3,3,M,Men,2025-05-07 15:10:55
T-shirt 8,9753200.0,3.1,3,L,Women,2025-05-07 15:10:55
Hoodie 9,4965200.0,3.2,3,XL,Unisex,2025-05-07 15:10:55
Pants 10,3875200.0,4.2,3,XXL,Men,2025-05-07 15:10:55
Jacket 12,10659800.0,3.9,3,M,Unisex,2025-05-07 15:10:55
Crewneck 13,6809000.0,3.2,3,L,Men,2025-05-07 15:10:55
T-shirt 14,4061000.0,3.8,3,XL,Women,2025-05-07 15:10:55
Hoodie 15,2730200.0,3.6,3,XXL,Unisex,2025-05-07 15:10:55
Outerwear 17,1052000.0,3.8,3,M,Women,2025-05-07 15:10:55
Jacket 18,6875000.0,3.8,3,L,Unisex,2025-05-07 15:10:55
Crewneck 19,1636200.0,3.6,3,XL,Men,2025-05-07 15:10:55
T-shirt 20,1657000.0,3.4,3,XXL,Women,2025-05-07 15:10:55
Pants 22,5399600.0,4.9,3,M,Men,2025-05-07 15:10:57
Outerwear 23,5819800.0,3.7,3,L,Women,2025-05-07 15:10:57
Jacket 24,10279400.0,3.9,3,XL,Unisex,2025-05-07 15:10:57
Crewneck 25,10403200.0,3.3,3,XXL,Men,2025-05-07 15:10:57
T-shirt 26,9115400.0,4.6,3,S,Women,2025-05-07 15:10:57
Hoodie 27,4439800.0,4.8,3,M,Unisex,2025-05-07 15:10:57
Pants 28,6520200.0,4.0,3,L,Men,2025-05-07 15:10:57
Outerwear 29,1077000.0,3.1,3,XL,Women,2025-05-07 15:10:57
Jacket 30,10762800.0,3.7,3,XXL,Unisex,2025-05-07 15:10:57
T-shirt 32,8322400.0,3.4,3,M,Women,2025-05-07 15:10:57
Hoodie 33,9060200.0,3.5,3,L,Unisex,2025-05-07 15:10:57
Pants 34,10453400.0,3.8,3,XL,Men,2025-05-07 15:10:57
Outerwear 35,1695200.0,3.8,3,XXL,Women,2025-05-07 15:10:57
Jacket 36,9061600.0,3.7,3,S,Unisex,2025-05-07 15:10:57
Crewneck 37,7507600.0,4.0,3,M,Men,2025-05-07 15:10:57
T-shirt 38,6082600.0,3.2,3,L,Women,2025-05-07 15:10:57
Hoodie 39,8039000.0,4.6,3,XL,Unisex,2025-05-07 15:10:57
Pants 40,7317000.0,3.1,3,XXL,Men,2025-05-07 15:10:57
Jacket 42,8430200.0,3.7,3,M,Unisex,2025-05-07 15:11:00
Crewneck 43,3637000.0,4.5,3,L,Men,2025-05-07 15:11:00
T-shirt 44,4140400.0,3.0,3,XL,Women,2025-05-07 15:11:00
Hoodie 45,10866400.000000002,4.5,3,XXL,Unisex,2025-05-07 15:11:00
Outerwear 47,7955800.0,3.2,3,M,Women,2025-05-07 15:11:00
Jacket 48,6243400.0,3.4,3,L,Unisex,2025-05-07 15:11:00
Crewneck 49,1339000.0,4.0,3,XL,Men,2025-05-07 15:11:00
T-shirt 50,7416200.0,3.1,3,XXL,Women,2025-05-07 15:11:00
Pants 52,1995600.0,4.0,3,M,Men,2025-05-07 15:11:00
Outerwear 53,5588600.0,4.3,3,L,Women,2025-05-07 15:11:00
Jacket 54,1068200.0,4.2,3,XL,Unisex,2025-05-07 15:11:00
Crewneck 55,2242200.0,3.6,3,XXL,Men,2025-05-07 15:11:00
T-shirt 56,5803800.0,3.8,3,S,Women,2025-05-07 15:11:00
Hoodie 57,3944200.0,4.9,3,M,Unisex,2025-05-07 15:11:00
Pants 58,2047200.0,4.4,3,L,Men,2025-05-07 15:11:00
Outerwear 59,2817799.9999999995,4.6,3,XL,Women,2025-05-07 15:11:00
Jacket 60,4219400.0,4.2,3,XXL,Unisex,2025-05-07 15:11:00
T-shirt 62,1720600.0,3.8,3,M,Women,2025-05-07 15:11:02
Hoodie 63,8099000.0,3.6,3,L,Unisex,2025-05-07 15:11:02
Pants 64,9660600.0,4.0,3,XL,Men,2025-05-07 15:11:02
Outerwear 65,2982400.0,4.1,3,XXL,Women,2025-05-07 15:11:02
Jacket 66,5441400.0,3.5,3,S,Unisex,2025-05-07 15:11:02
Crewneck 67,10588400.0,3.5,3,M,Men,2025-05-07 15:11:02
T-shirt 68,10031600.0,4.0,3,L,Women,2025-05-07 15:11:02
Hoodie 69,1284800.0,3.6,3,XL,Unisex,2025-05-07 15:11:02
Pants 70,1464199.9999999998,4.4,3,XXL,Men,2025-05-07 15:11:02
Jacket 72,4720000.0,4.4,3,M,Unisex,2025-05-07 15:11:02
Crewneck 73,3075400.0,3.0,3,L,Men,2025-05-07 15:11:02
T-shirt 74,9631000.0,3.8,3,XL,Women,2025-05-07 15:11:02
Hoodie 75,2627200.0000000005,4.3,3,XXL,Unisex,2025-05-07 15:11:02
Outerwear 77,1077200.0,3.7,3,M,Women,2025-05-07 15:11:02
Jacket 78,3395600.0,4.3,3,L,Unisex,2025-05-07 15:11:02
Crewneck 79,4137000.0,4.6,3,XL,Men,2025-05-07 15:11:02
T-shirt 80,5223000.0,4.5,3,XXL,Women,2025-05-07 15:11:02
Pants 82,10394400.0,4.8,3,M,Men,2025-05-07 15:11:04
Outerwear 83,4934800.0,3.7,3,L,Women,2025-05-07 15:11:04
Jacket 84,3532600.0,4.8,3,XL,Unisex,2025-05-07 15:11:04
Crewneck 85,5705200.0,3.5,3,XXL,Men,2025-05-07 15:11:04
T-shirt 86,2088600.0000000002,3.9,3,S,Women,2025-05-07 15:11:04
Hoodie 87,9837800.0,4.3,3,M,Unisex,2025-05-07 15:11:04
Pants 88,9488000.0,3.1,3,L,Men,2025-05-07 15:11:04
Outerwear 89,6070400.0,3.0,3,XL,Women,2025-05-07 15:11:04
Jacket 90,8950000.0,4.0,3,XXL,Unisex,2025-05-07 15:11:04
T-shirt 92,6265400.0,3.5,3,M,Women,2025-05-07 15:11:04
Hoodie 93,1706600.0,3.6,3,L,Unisex,2025-05-07 15:11:04
Pants 94,1343600.0000000002,4.3,3,XL,Men,2025-05-07 15:11:04
Outerwear 95,7577800.0,3.5,3,XXL,Women,2025-05-07 15:11:04
Jacket 96,5747800.0,4.9,3,S,Unisex,2025-05-07 15:11:04
Crewneck 97,7641400.0,3.9,3,M,Men,2025-05-07 15:11:04
T-shirt 98,10746199.999999998,3.1,3,L,Women,2025-05-07 15:11:04
Hoodie 99,6285000.0,3.6,3,XL,Unisex,2025-05-07 15:11:04
Pants 100,2771600.0000000005,4.6,3,XXL,Men,2025-05-07 15:11:04
Jacket 102,4800800.0,3.3,3,M,Unisex,2025-05-07 15:11:06
Crewneck 103,2914600.0,3.5,3,L,Men,2025-05-07 15:11:06
T-shirt 104,2968000.0,3.8,3,XL,Women,2025-05-07 15:11:06
Hoodie 105,6274800.0,4.2,3,XXL,Unisex,2025-05-07 15:11:06
Outerwear 107,8281400.0,4.0,3,M,Women,2025-05-07 15:11:06
Jacket 108,6939600.0,4.8,3,L,Unisex,2025-05-07 15:11:06
Crewneck 109,7358600.0,3.3,3,XL,Men,2025-05-07 15:11:06
T-shirt 110,8996400.0,4.6,3,XXL,Women,2025-05-07 15:11:06
Pants 112,5327400.0,3.3,3,M,Men,2025-05-07 15:11:06
Outerwear 113,5590000.0,3.7,3,L,Women,2025-05-07 15:11:06
Jacket 114,6733200.000000001,4.9,3,XL,Unisex,2025-05-07 15:11:06
Crewneck 115,2416600.0,4.5,3,XXL,Men,2025-05-07 15:11:06
T-shirt 116,4343200.0,3.0,3,S,Women,2025-05-07 15:11:06
Hoodie 117,4220400.0,5.0,3,M,Unisex,2025-05-07 15:11:06
Pants 118,6981799.999999999,3.2,3,L,Men,2025-05-07 15:11:06
Outerwear 119,4452200.0,3.4,3,XL,Women,2025-05-07 15:11:06
Jacket 120,9350400.0,4.0,3,XXL,Unisex,2025-05-07 15:11:06
T-shirt 122,2452400.0,3.6,3,M,Women,2025-05-07 15:11:08
Hoodie 123,5622600.0,3.8,3,L,Unisex,2025-05-07 15:11:08
Pants 124,8779400.0,3.2,3,XL,Men,2025-05-07 15:11:08
Outerwear 125,8747800.0,4.2,3,XXL,Women,2025-05-07 15:11:08
Jacket 126,5532600.0,3.9,3,S,Unisex,2025-05-07 15:11:08
Crewneck 127,10389600.0,4.0,3,M,Men,2025-05-07 15:11:08
T-shirt 128,5583400.0,3.8,3,L,Women,2025-05-07 15:11:08
Hoodie 129,3165600.0,4.5,3,XL,Unisex,2025-05-07 15:11:08
Pants 130,8254400.000000001,4.8,3,XXL,Men,2025-05-07 15:11:08
Jacket 132,8093600.0,4.2,3,M,Unisex,2025-05-07 15:11:08
Crewneck 133,2520400.0,4.7,3,L,Men,2025-05-07 15:11:08
T-shirt 134,7421799.999999999,3.2,3,XL,Women,2025-05-07 15:11:08
Hoodie 135,6426799.999999999,4.7,3,XXL,Unisex,2025-05-07 15:11:08
Outerwear 137,8735400.0,4.5,3,M,Women,2025-05-07 15:11:08
Jacket 138,5794400.000000001,3.4,3,L,Unisex,2025-05-07 15:11:08
Crewneck 139,10066400.0,4.5,3,XL,Men,2025-05-07 15:11:08
T-shirt 140,8513800.0,3.5,3,XXL,Women,2025-05-07 15:11:08
Pants 142,2906600.0000000005,4.9,3,M,Men,2025-05-07 15:11:10
Outerwear 143,4183200.0,4.9,3,L,Women,2025-05-07 15:11:10
Jacket 144,7197800.0,4.3,3,XL,Unisex,2025-05-07 15:11:10
Crewneck 145,4341000.0,4.8,3,XXL,Men,2025-05-07 15:11:10
T-shirt 146,9610800.0,4.3,3,S,Women,2025-05-07 15:11:10
Hoodie 147,3816000.0,5.0,3,M,Unisex,2025-05-07 15:11:10
Pants 148,7541799.999999999,4.7,3,L,Men,2025-05-07 15:11:10
Outerwear 149,3882400.0,3.2,3,XL,Women,2025-05-07 15:11:10
Jacket 150,1875800.0000000002,3.6,3,XXL,Unisex,2025-05-07 15:11:10
T-shirt 152,7860800.0,4.2,3,M,Women,2025-05-07 15:11:10
Hoodie 153,3325800.0,4.3,3,L,Unisex,2025-05-07 15:11:10
Pants 154,2921800.0,3.0,3,XL,Men,2025-05-07 15:11:10
Outerwear 155,4729000.0,4.1,3,XXL,Women,2025-05-07 15:11:10
Jacket 156,8306400.0,3.6,3,S,Unisex,2025-05-07 15:11:10
Crewneck 157,1382200.0,4.0,3,M,Men,2025-05-07 15:11:10
T-shirt 158,9151400.0,4.0,3,L,Women,2025-05-07 15:11:10
Hoodie 159,2964600.0,4.9,3,XL,Unisex,2025-05-07 15:11:10
Pants 160,3503600.0,3.4,3,XXL,Men,2025-05-07 15:11:10
Jacket 162,1929800.0,4.5,3,M,Unisex,2025-05-07 15:11:13
Crewneck 163,9827400.0,4.4,3,L,Men,2025-05-07 15:11:13
T-shirt 164,4390000.0,3.9,3,XL,Women,2025-05-07 15:11:13
Hoodie 165,8651600.0,4.9,3,XXL,Unisex,2025-05-07 15:11:13
Outerwear 167,4092200.0000000005,3.1,3,M,Women,2025-05-07 15:11:13
Jacket 168,1088000.0,4.4,3,L,Unisex,2025-05-07 15:11:13
Crewneck 169,10041000.0,4.7,3,XL,Men,2025-05-07 15:11:13
T-shirt 170,8347400.0,4.5,3,XXL,Women,2025-05-07 15:11:13
Pants 172,1957600.0,4.9,3,M,Men,2025-05-07 15:11:13
Outerwear 173,8793200.0,4.6,3,L,Women,2025-05-07 15:11:13
Jacket 174,7852800.0,3.3,3,XL,Unisex,2025-05-07 15:11:13
Crewneck 175,10156400.0,4.5,3,XXL,Men,2025-05-07 15:11:13
T-shirt 176,7630400.0,3.6,3,S,Women,2025-05-07 15:11:13
Hoodie 177,2363000.0,4.6,3,M,Unisex,2025-05-07 15:11:13
Pants 178,7730200.0,3.0,3,L,Men,2025-05-07 15:11:13
Outerwear 179,7270800.0,3.5,3,XL,Women,2025-05-07 15:11:13
Jacket 180,6940800.0,3.9,3,XXL,Unisex,2025-05-07 15:11:13
T-shirt 182,2918600.0,3.8,3,M,Women,2025-05-07 15:11:15
Hoodie 183,4880800.0,3.6,3,L,Unisex,2025-05-07 15:11:15
Pants 184,9699400.0,4.5,3,XL,Men,2025-05-07 15:11:15
Outerwear 185,9778600.0,3.2,3,XXL,Women,2025-05-07 15:11:15
Jacket 186,8675600.0,4.2,3,S,Unisex,2025-05-07 15:11:15
Crewneck 187,8329400.000000001,3.8,3,M,Men,2025-05-07 15:11:15
T-shirt 188,4909800.0,4.4,3,L,Women,2025-05-07 15:11:15
Hoodie 189,2433400.0,4.0,3,XL,Unisex,2025-05-07 15:11:15
Pants 190,2776200.0,4.5,3,XXL,Men,2025-05-07 15:11:15
Jacket 192,6332800.0,3.8,3,M,Unisex,2025-05-07 15:11:15
Crewneck 193,9194600.0,4.1,3,L,Men,2025-05-07 15:11:15
T-shirt 194,3523399.9999999995,4.9,3,XL,Women,2025-05-07 15:11:15
Hoodie 195,9011200.0,4.9,3,XXL,Unisex,2025-05-07 15:11:15
Outerwear 197,7102000.0,4.9,3,M,Women,2025-05-07 15:11:15
Jacket 198,6793800.0,4.5,3,L,Unisex,2025-05-07 15:11:15
Crewneck 199,8430400.0,3.1,3,XL,Men,2025-05-07 15:11:15
T-shirt 200,7862400.0,3.5,3,XXL,Women,2025-05-07 15:11:15
Pants 202,6990599.999999999,3.3,3,M,Men,2025-05-07 15:11:17
Outerwear 203,2680000.0,3.4,3,L,Women,2025-05-07 15:11:17
Jacket 204,7538800.0,3.9,3,XL,Unisex,2025-05-07 15:11:17
Crewneck 205,8043600.0,3.2,3,XXL,Men,2025-05-07 15:11:17
T-shirt 206,5843400.0,4.5,3,S,Women,2025-05-07 15:11:17
Hoodie 207,7626799.999999999,3.5,3,M,Unisex,2025-05-07 15:11:17
Pants 208,5797000.0,3.1,3,L,Men,2025-05-07 15:11:17
Outerwear 209,9975800.0,4.3,3,XL,Women,2025-05-07 15:11:17
Jacket 210,9784200.0,4.7,3,XXL,Unisex,2025-05-07 15:11:17
T-shirt 212,10993599.999999998,4.7,3,M,Women,2025-05-07 15:11:17
Hoodie 213,7185000.0,3.6,3,L,Unisex,2025-05-07 15:11:17
Pants 214,5394600.0,4.9,3,XL,Men,2025-05-07 15:11:17
Outerwear 215,1812000.0,3.8,3,XXL,Women,2025-05-07 15:11:17
Jacket 216,5720599.999999999,4.6,3,S,Unisex,2025-05-07 15:11:17
Crewneck 217,7216200.0,4.8,3,M,Men,2025-05-07 15:11:17
T-shirt 218,7000400.0,3.1,3,L,Women,2025-05-07 15:11:17
Hoodie 219,7088800.0,4.6,3,XL,Unisex,2025-05-07 15:11:17
Pants 220,4197000.0,3.2,3,XXL,Men,2025-05-07 15:11:17
Jacket 222,9297600.0,3.4,3,M,Unisex,2025-05-07 15:11:19
Crewneck 223,1191200.0,4.8,3,L,Men,2025-05-07 15:11:19
T-shirt 224,4418200.0,4.5,3,XL,Women,2025-05-07 15:11:19
Hoodie 225,6541000.0,3.5,3,XXL,Unisex,2025-05-07 15:11:19
Outerwear 227,8428200.0,4.8,3,M,Women,2025-05-07 15:11:19
Jacket 228,10096000.0,4.5,3,L,Unisex,2025-05-07 15:11:19
Crewneck 229,3877400.0,4.9,3,XL,Men,2025-05-07 15:11:19
T-shirt 230,8916600.0,4.5,3,XXL,Women,2025-05-07 15:11:19
Pants 232,10409200.0,4.0,3,M,Men,2025-05-07 15:11:19
Outerwear 233,1059200.0,4.8,3,L,Women,2025-05-07 15:11:19
Jacket 234,1449000.0,4.5,3,XL,Unisex,2025-05-07 15:11:19
Crewneck 235,8200400.0,3.4,3,XXL,Men,2025-05-07 15:11:19
T-shirt 236,6865400.0,3.9,3,S,Women,2025-05-07 15:11:19
Hoodie 237,5929400.000000001,3.1,3,M,Unisex,2025-05-07 15:11:19
Pants 238,10377400.0,3.8,3,L,Men,2025-05-07 15:11:19
Outerwear 239,9917600.0,3.1,3,XL,Women,2025-05-07 15:11:19
Jacket 240,9500000.0,3.8,3,XXL,Unisex,2025-05-07 15:11:19
T-shirt 242,6042000.0,3.4,3,M,Women,2025-05-07 15:11:21
Hoodie 243,4214600.0,3.1,3,L,Unisex,2025-05-07 15:11:21
Pants 244,10145200.0,3.1,3,XL,Men,2025-05-07 15:11:21
Outerwear 245,1814600.0,4.0,3,XXL,Women,2025-05-07 15:11:21
Jacket 246,10918800.000000002,3.1,3,S,Unisex,2025-05-07 15:11:21
Crewneck 247,10961400.000000002,3.0,3,M,Men,2025-05-07 15:11:21
T-shirt 248,2850000.0,4.5,3,L,Women,2025-05-07 15:11:21
Hoodie 249,2686800.0,4.2,3,XL,Unisex,2025-05-07 15:11:21
Pants 250,5392800.0,3.1,3,XXL,Men,2025-05-07 15:11:21
Jacket 252,10510600.0,3.2,3,M,Unisex,2025-05-07 15:11:21
Crewneck 253,2318400.0,3.9,3,L,Men,2025-05-07 15:11:21
T-shirt 254,7480200.0,3.9,3,XL,Women,2025-05-07 15:11:21
Hoodie 255,4585000.0,4.1,3,XXL,Unisex,2025-05-07 15:11:21
Outerwear 257,8841400.0,5.0,3,M,Women,2025-05-07 15:11:21
Jacket 258,2600800.0,4.7,3,L,Unisex,2025-05-07 15:11:21
Crewneck 259,2844400.0,3.3,3,XL,Men,2025-05-07 15:11:21
T-shirt 260,7839400.000000001,3.5,3,XXL,Women,2025-05-07 15:11:21
Pants 262,1372200.0,3.4,3,M,Men,2025-05-07 15:11:23
Outerwear 263,2348000.0,4.2,3,L,Women,2025-05-07 15:11:23
Jacket 264,2578800.0,4.8,3,XL,Unisex,2025-05-07 15:11:23
Crewneck 265,3103800.0,3.5,3,XXL,Men,2025-05-07 15:11:23
T-shirt 266,6052600.0,4.6,3,S,Women,2025-05-07 15:11:23
Hoodie 267,5107800.0,4.3,3,M,Unisex,2025-05-07 15:11:23
Pants 268,6256400.0,3.6,3,L,Men,2025-05-07 15:11:23
Outerwear 269,10092400.0,3.1,3,XL,Women,2025-05-07 15:11:23
Jacket 270,3211400.0,4.2,3,XXL,Unisex,2025-05-07 15:11:23
T-shirt 272,7264800.0,3.3,3,M,Women,2025-05-07 15:11:23
Hoodie 273,6614200.0,4.9,3,L,Unisex,2025-05-07 15:11:23
Pants 274,4586600.0,4.2,3,XL,Men,2025-05-07 15:11:23
Outerwear 275,6969200.0,4.8,3,XXL,Women,2025-05-07 15:11:23
Jacket 276,1267000.0,4.3,3,S,Unisex,2025-05-07 15:11:23
Crewneck 277,2979600.0,4.7,3,M,Men,2025-05-07 15:11:23
T-shirt 278,2609200.0,3.8,3,L,Women,2025-05-07 15:11:23
Hoodie 279,6990400.0,4.7,3,XL,Unisex,2025-05-07 15:11:23
Pants 280,9376800.0,3.9,3,XXL,Men,2025-05-07 15:11:23
Jacket 282,2783800.0,3.0,3,M,Unisex,2025-05-07 15:11:25
Crewneck 283,8291400.0,3.2,3,L,Men,2025-05-07 15:11:25
T-shirt 284,8210000.0,3.6,3,XL,Women,2025-05-07 15:11:25
Hoodie 285,3761400.0,3.2,3,XXL,Unisex,2025-05-07 15:11:25
Outerwear 287,6592000.0,3.7,3,M,Women,2025-05-07 15:11:25
Jacket 288,3903800.0,4.1,3,L,Unisex,2025-05-07 15:11:25
Crewneck 289,1110000.0,4.0,3,XL,Men,2025-05-07 15:11:25
T-shirt 290,8031400.0,4.2,3,XXL,Women,2025-05-07 15:11:25
Pants 292,2980600.0,3.9,3,M,Men,2025-05-07 15:11:25
Outerwear 293,1470200.0,4.5,3,L,Women,2025-05-07 15:11:25
Jacket 294,7434000.0,3.8,3,XL,Unisex,2025-05-07 15:11:25
Crewneck 295,9083400.0,4.9,3,XXL,Men,2025-05-07 15:11:25
T-shirt 296,1465200.0,3.1,3,S,Women,2025-05-07 15:11:25
Hoodie 297,9751400.0,3.6,3,M,Unisex,2025-05-07 15:11:25
Pants 298,3032600.0,4.8,3,L,Men,2025-05-07 15:11:25
Outerwear 299,2434800.0,4.3,3,XL,Women,2025-05-07 15:11:25
Jacket 300,8010599.999999999,4.0,3,XXL,Unisex,2025-05-07 15:11:25
T-shirt 302,7139000.0,3.2,3,M,Women,2025-05-07 15:11:28
Hoodie 303,9968200.0,4.1,3,L,Unisex,2025-05-07 15:11:28
Pants 304,8912200.0,3.4,3,XL,Men,2025-05-07 15:11:28
Outerwear 305,7906799.999999999,4.5,3,XXL,Women,2025-05-07 15:11:28
Jacket 306,9468800.0,4.2,3,S,Unisex,2025-05-07 15:11:28
Crewneck 307,9669000.0,3.7,3,M,Men,2025-05-07 15:11:28
T-shirt 308,5107600.0,4.1,3,L,Women,2025-05-07 15:11:28
Hoodie 309,4941400.0,4.8,3,XL,Unisex,2025-05-07 15:11:28
Pants 310,7911600.0,4.7,3,XXL,Men,2025-05-07 15:11:28
Jacket 312,9083800.0,3.8,3,M,Unisex,2025-05-07 15:11:28
Crewneck 313,2435400.0,3.1,3,L,Men,2025-05-07 15:11:28
T-shirt 314,7521400.0,3.2,3,XL,Women,2025-05-07 15:11:28
Hoodie 315,8778600.0,3.1,3,XXL,Unisex,2025-05-07 15:11:28
Outerwear 317,6573800.0,3.3,3,M,Women,2025-05-07 15:11:28
Jacket 318,7084000.0,3.7,3,L,Unisex,2025-05-07 15:11:28
Crewneck 319,3857400.0,3.3,3,XL,Men,2025-05-07 15:11:28
T-shirt 320,1036800.0000000001,3.3,3,XXL,Women,2025-05-07 15:11:28
Pants 322,9763000.0,3.2,3,M,Men,2025-05-07 15:11:30
Outerwear 323,10585000.0,3.1,3,L,Women,2025-05-07 15:11:30
Jacket 324,7603400.0,3.3,3,XL,Unisex,2025-05-07 15:11:30
Crewneck 325,3752200.0000000005,3.4,3,XXL,Men,2025-05-07 15:11:30
T-shirt 326,5649200.0,4.9,3,S,Women,2025-05-07 15:11:30
Hoodie 327,8301799.999999999,4.4,3,M,Unisex,2025-05-07 15:11:30
Pants 328,7166200.0,4.5,3,L,Men,2025-05-07 15:11:30
Outerwear 329,8405200.0,4.7,3,XL,Women,2025-05-07 15:11:30
Jacket 330,1989000.0,4.3,3,XXL,Unisex,2025-05-07 15:11:30
T-shirt 332,2919600.0,3.4,3,M,Women,2025-05-07 15:11:30
Hoodie 333,2182600.0,4.8,3,L,Unisex,2025-05-07 15:11:30
Pants 334,3011800.0,3.8,3,XL,Men,2025-05-07 15:11:30
Outerwear 335,3533399.9999999995,3.0,3,XXL,Women,2025-05-07 15:11:30
Jacket 336,7797200.0,5.0,3,S,Unisex,2025-05-07 15:11:30
Crewneck 337,10761000.0,4.3,3,M,Men,2025-05-07 15:11:30
T-shirt 338,3604200.0,3.9,3,L,Women,2025-05-07 15:11:30
Hoodie 339,5531000.0,4.9,3,XL,Unisex,2025-05-07 15:11:30
Pants 340,7469000.0,4.3,3,XXL,Men,2025-05-07 15:11:30
Jacket 342,2284600.0,4.8,3,M,Unisex,2025-05-07 15:11:32
Crewneck 343,2848800.0,4.1,3,L,Men,2025-05-07 15:11:32
T-shirt 344,4269600.0,4.5,3,XL,Women,2025-05-07 15:11:32
Hoodie 345,9471800.0,3.3,3,XXL,Unisex,2025-05-07 15:11:32
Outerwear 347,8732600.0,4.7,3,M,Women,2025-05-07 15:11:32
Jacket 348,3993800.0,4.6,3,L,Unisex,2025-05-07 15:11:32
Crewneck 349,7607000.0,3.5,3,XL,Men,2025-05-07 15:11:32
T-shirt 350,10059600.0,5.0,3,XXL,Women,2025-05-07 15:11:32
Pants 352,3548600.0,4.0,3,M,Men,2025-05-07 15:11:32
Outerwear 353,1202000.0,3.6,3,L,Women,2025-05-07 15:11:32
Jacket 354,2868399.9999999995,3.8,3,XL,Unisex,2025-05-07 15:11:32
Crewneck 355,5308200.000000001,3.2,3,XXL,Men,2025-05-07 15:11:32
T-shirt 356,8937600.0,4.3,3,S,Women,2025-05-07 15:11:32
Hoodie 357,4674200.0,3.6,3,M,Unisex,2025-05-07 15:11:32
Pants 358,10599400.0,3.9,3,L,Men,2025-05-07 15:11:32
Outerwear 359,2120600.0,4.3,3,XL,Women,2025-05-07 15:11:32
Jacket 360,10985400.0,4.8,3,XXL,Unisex,2025-05-07 15:11:32
T-shirt 362,5971000.0,5.0,3,M,Women,2025-05-07 15:11:34
Hoodie 363,1464199.9999999998,3.2,3,L,Unisex,2025-05-07 15:11:34
Pants 364,6216000.0,4.8,3,XL,Men,2025-05-07 15:11:34
Outerwear 365,8695600.0,4.5,3,XXL,Women,2025-05-07 15:11:34
Jacket 366,7318600.0,4.9,3,S,Unisex,2025-05-07 15:11:34
Crewneck 367,10449200.0,4.9,3,M,Men,2025-05-07 15:11:34
T-shirt 368,1206400.0,3.2,3,L,Women,2025-05-07 15:11:34
Hoodie 369,9006200.0,4.7,3,XL,Unisex,2025-05-07 15:11:34
Pants 370,5699600.0,3.6,3,XXL,Men,2025-05-07 15:11:34
Jacket 372,6316200.0,3.6,3,M,Unisex,2025-05-07 15:11:34
Crewneck 373,2788800.0,3.6,3,L,Men,2025-05-07 15:11:34
T-shirt 374,9621400.0,3.9,3,XL,Women,2025-05-07 15:11:34
Hoodie 375,8784400.0,3.9,3,XXL,Unisex,2025-05-07 15:11:34
Outerwear 377,8502600.0,4.8,3,M,Women,2025-05-07 15:11:34
Jacket 378,4253000.0,3.6,3,L,Unisex,2025-05-07 15:11:34
Crewneck 379,4954000.0,4.4,3,XL,Men,2025-05-07 15:11:34
T-shirt 380,3183800.0,3.8,3,XXL,Women,2025-05-07 15:11:34
Pants 382,1695200.0,4.4,3,M,Men,2025-05-07 15:11:36
Outerwear 383,4288800.0,3.4,3,L,Women,2025-05-07 15:11:36
Jacket 384,1816200.0,3.3,3,XL,Unisex,2025-05-07 15:11:36
Crewneck 385,9938400.0,4.9,3,XXL,Men,2025-05-07 15:11:36
T-shirt 386,5992000.0,4.6,3,S,Women,2025-05-07 15:11:36
Hoodie 387,10522600.0,4.2,3,M,Unisex,2025-05-07 15:11:36
Pants 388,1164000.0,3.1,3,L,Men,2025-05-07 15:11:36
Outerwear 389,3604000.0,5.0,3,XL,Women,2025-05-07 15:11:36
Jacket 390,6791200.0,3.3,3,XXL,Unisex,2025-05-07 15:11:36
T-shirt 392,1532600.0,4.4,3,M,Women,2025-05-07 15:11:36
Hoodie 393,5085600.0,3.2,3,L,Unisex,2025-05-07 15:11:36
Pants 394,4425000.0,3.3,3,XL,Men,2025-05-07 15:11:36
Outerwear 395,3873399.9999999995,4.0,3,XXL,Women,2025-05-07 15:11:36
Jacket 396,3131600.0000000005,3.9,3,S,Unisex,2025-05-07 15:11:36
Crewneck 397,1069200.0,3.6,3,M,Men,2025-05-07 15:11:36
T-shirt 398,5741000.0,4.7,3,L,Women,2025-05-07 15:11:36
Hoodie 399,3154400.0,3.6,3,XL,Unisex,2025-05-07 15:11:36
Pants 400,7525800.0,4.7,3,XXL,Men,2025-05-07 15:11:36
Jacket 402,2536400.0,4.6,3,M,Unisex,2025-05-07 15:11:39
Crewneck 403,1975400.0,4.1,3,L,Men,2025-05-07 15:11:39
T-shirt 404,4376400.0,4.9,3,XL,Women,2025-05-07 15:11:39
Hoodie 405,6350200.0,3.8,3,XXL,Unisex,2025-05-07 15:11:39
Outerwear 407,3451600.0000000005,3.7,3,M,Women,2025-05-07 15:11:39
Jacket 408,5220000.0,4.9,3,L,Unisex,2025-05-07 15:11:39
Crewneck 409,4027200.0000000005,3.5,3,XL,Men,2025-05-07 15:11:39
T-shirt 410,1983400.0,3.1,3,XXL,Women,2025-05-07 15:11:39
Pants 412,6797800.0,4.4,3,M,Men,2025-05-07 15:11:39
Outerwear 413,1633000.0,3.4,3,L,Women,2025-05-07 15:11:39
Jacket 414,2793399.9999999995,3.7,3,XL,Unisex,2025-05-07 15:11:39
Crewneck 415,4521800.0,3.1,3,XXL,Men,2025-05-07 15:11:39
T-shirt 416,5567600.0,3.1,3,S,Women,2025-05-07 15:11:39
Hoodie 417,3461800.0,4.6,3,M,Unisex,2025-05-07 15:11:39
Pants 418,7884800.0,5.0,3,L,Men,2025-05-07 15:11:39
Outerwear 419,8755000.0,5.0,3,XL,Women,2025-05-07 15:11:39
Jacket 420,3090800.0,3.1,3,XXL,Unisex,2025-05-07 15:11:39
T-shirt 422,1155400.0,3.9,3,M,Women,2025-05-07 15:11:41
Hoodie 423,5752200.0,3.7,3,L,Unisex,2025-05-07 15:11:41
Pants 424,4832200.0,4.4,3,XL,Men,2025-05-07 15:11:41
Outerwear 425,3160600.0,4.8,3,XXL,Women,2025-05-07 15:11:41
Jacket 426,4328000.0,3.4,3,S,Unisex,2025-05-07 15:11:41
Crewneck 427,7969000.0,3.3,3,M,Men,2025-05-07 15:11:41
T-shirt 428,8816400.0,4.9,3,L,Women,2025-05-07 15:11:41
Hoodie 429,2073200.0,4.9,3,XL,Unisex,2025-05-07 15:11:41
Pants 430,1802600.0,3.9,3,XXL,Men,2025-05-07 15:11:41
Jacket 432,2689800.0,4.5,3,M,Unisex,2025-05-07 15:11:41
Crewneck 433,4840600.0,4.2,3,L,Men,2025-05-07 15:11:41
T-shirt 434,8196400.0,4.9,3,XL,Women,2025-05-07 15:11:41
Hoodie 435,1269600.0,4.0,3,XXL,Unisex,2025-05-07 15:11:41
Outerwear 437,1271000.0,3.9,3,M,Women,2025-05-07 15:11:41
Jacket 438,3066400.0,4.5,3,L,Unisex,2025-05-07 15:11:41
Crewneck 439,5006800.0,3.2,3,XL,Men,2025-05-07 15:11:41
T-shirt 440,6657600.0,3.0,3,XXL,Women,2025-05-07 15:11:41
Pants 442,5877000.0,4.3,3,M,Men,2025-05-07 15:11:43
Outerwear 443,9078400.0,4.2,3,L,Women,2025-05-07 15:11:43
Jacket 444,5021200.0,3.3,3,XL,Unisex,2025-05-07 15:11:43
Crewneck 445,4467800.0,4.5,3,XXL,Men,2025-05-07 15:11:43
T-shirt 446,9675200.0,3.2,3,S,Women,2025-05-07 15:11:43
Hoodie 447,5935800.0,4.0,3,M,Unisex,2025-05-07 15:11:43
Pants 448,1025200.0,4.4,3,L,Men,2025-05-07 15:11:43
Outerwear 449,8012600.0,4.0,3,XL,Women,2025-05-07 15:11:43
Jacket 450,10943599.999999998,3.1,3,XXL,Unisex,2025-05-07 15:11:43
T-shirt 452,8616000.0,4.4,3,M,Women,2025-05-07 15:11:43
Hoodie 453,8221200.0,4.2,3,L,Unisex,2025-05-07 15:11:43
Pants 454,2724400.0,5.0,3,XL,Men,2025-05-07 15:11:43
Outerwear 455,1367600.0,4.8,3,XXL,Women,2025-05-07 15:11:43
Jacket 456,10120000.0,4.1,3,S,Unisex,2025-05-07 15:11:43
Crewneck 457,9178600.0,4.8,3,M,Men,2025-05-07 15:11:43
T-shirt 458,5300000.0,4.4,3,L,Women,2025-05-07 15:11:43
Hoodie 459,4046600.0000000005,3.5,3,XL,Unisex,2025-05-07 15:11:43
Pants 460,2351000.0,3.6,3,XXL,Men,2025-05-07 15:11:43
Jacket 462,8459800.0,4.5,3,M,Unisex,2025-05-07 15:11:45
Crewneck 463,9424400.0,4.5,3,L,Men,2025-05-07 15:11:45
T-shirt 464,7587600.0,4.5,3,XL,Women,2025-05-07 15:11:45
Hoodie 465,7705400.0,4.7,3,XXL,Unisex,2025-05-07 15:11:45
Outerwear 467,1657400.0,3.5,3,M,Women,2025-05-07 15:11:45
Jacket 468,5731200.0,3.7,3,L,Unisex,2025-05-07 15:11:45
Crewneck 469,2173600.0,4.2,3,XL,Men,2025-05-07 15:11:45
T-shirt 470,9673600.0,3.1,3,XXL,Women,2025-05-07 15:11:45
Pants 472,4877600.0,3.1,3,M,Men,2025-05-07 15:11:45
Outerwear 473,6847600.0,4.2,3,L,Women,2025-05-07 15:11:45
Jacket 474,7331200.0,4.7,3,XL,Unisex,2025-05-07 15:11:45
Crewneck 475,8771600.0,4.6,3,XXL,Men,2025-05-07 15:11:45
T-shirt 476,4982800.0,4.3,3,S,Women,2025-05-07 15:11:45
Hoodie 477,8282600.0,4.2,3,M,Unisex,2025-05-07 15:11:45
Pants 478,6140000.0,3.8,3,L,Men,2025-05-07 15:11:45
Outerwear 479,9128000.0,4.4,3,XL,Women,2025-05-07 15:11:45
Jacket 480,6232800.0,4.2,3,XXL,Unisex,2025-05-07 15:11:45
T-shirt 482,4190600.0,4.8,3,M,Women,2025-05-07 15:11:47
Hoodie 483,5043800.0,4.2,3,L,Unisex,2025-05-07 15:11:47
Pants 484,8035800.0,4.1,3,XL,Men,2025-05-07 15:11:47
Outerwear 485,5055600.0,4.7,3,XXL,Women,2025-05-07 15:11:47
Jacket 486,3217200.0000000005,3.0,3,S,Unisex,2025-05-07 15:11:47
Crewneck 487,8694400.0,3.7,3,M,Men,2025-05-07 15:11:47
T-shirt 488,10987200.0,3.8,3,L,Women,2025-05-07 15:11:47
Hoodie 489,4443200.0,5.0,3,XL,Unisex,2025-05-07 15:11:47
Pants 490,8852000.0,3.1,3,XXL,Men,2025-05-07 15:11:47
Jacket 492,7514800.0,3.0,3,M,Unisex,2025-05-07 15:11:47
Crewneck 493,6339400.000000001,4.8,3,L,Men,2025-05-07 15:11:47
T-shirt 494,1737600.0,3.4,3,XL,Women,2025-05-07 15:11:47
Hoodie 495,2079000.0,4.5,3,XXL,Unisex,2025-05-07 15:11:47
Outerwear 497,4947200.0,4.4,3,M,Women,2025-05-07 15:11:47
Jacket 498,5516000.0,4.6,3,L,Unisex,2025-05-07 15:11:47
Crewneck 499,9782400.0,4.1,3,XL,Men,2025-05-07 15:11:47
T-shirt 500,10143000.0,4.2,3,XXL,Women,2025-05-07 15:11:47
Pants 502,8915600.0,4.4,3,M,Men,2025-05-07 15:11:49
Outerwear 503,6155599.999999999,4.8,3,L,Women,2025-05-07 15:11:49
Jacket 504,10030600.0,5.0,3,XL,Unisex,2025-05-07 15:11:49
Crewneck 505,10934600.0,4.3,3,XXL,Men,2025-05-07 15:11:49
T-shirt 506,10715000.0,3.6,3,S,Women,2025-05-07 15:11:49
Hoodie 507,8555000.0,4.7,3,M,Unisex,2025-05-07 15:11:49
Pants 508,9707600.0,3.5,3,L,Men,2025-05-07 15:11:49
Outerwear 509,8973000.0,3.1,3,XL,Women,2025-05-07 15:11:49
Jacket 510,1952600.0,3.4,3,XXL,Unisex,2025-05-07 15:11:49
T-shirt 512,5399600.0,3.7,3,M,Women,2025-05-07 15:11:49
Hoodie 513,2117200.0,4.4,3,L,Unisex,2025-05-07 15:11:49
Pants 514,8611200.0,3.9,3,XL,Men,2025-05-07 15:11:49
Outerwear 515,9078200.0,3.1,3,XXL,Women,2025-05-07 15:11:49
Jacket 516,8913400.0,3.4,3,S,Unisex,2025-05-07 15:11:49
Crewneck 517,1336600.0,3.5,3,M,Men,2025-05-07 15:11:49
T-shirt 518,3219600.0,4.1,3,L,Women,2025-05-07 15:11:49
Hoodie 519,2795200.0,4.5,3,XL,Unisex,2025-05-07 15:11:49
Pants 520,2885400.0,3.8,3,XXL,Men,2025-05-07 15:11:49
Jacket 522,7866200.0,4.0,3,M,Unisex,2025-05-07 15:11:52
Crewneck 523,4533400.0,4.6,3,L,Men,2025-05-07 15:11:52
T-shirt 524,1170000.0,3.8,3,XL,Women,2025-05-07 15:11:52
Hoodie 525,9898800.0,3.6,3,XXL,Unisex,2025-05-07 15:11:52
Outerwear 527,5836600.0,3.6,3,M,Women,2025-05-07 15:11:52
Jacket 528,6994800.0,4.0,3,L,Unisex,2025-05-07 15:11:52
Crewneck 529,1775200.0,3.2,3,XL,Men,2025-05-07 15:11:52
T-shirt 530,7717200.0,3.3,3,XXL,Women,2025-05-07 15:11:52
Pants 532,10489000.0,4.1,3,M,Men,2025-05-07 15:11:52
Outerwear 533,4212800.0,4.2,3,L,Women,2025-05-07 15:11:52
Jacket 534,4349000.0,3.7,3,XL,Unisex,2025-05-07 15:11:52
Crewneck 535,4876600.0,3.7,3,XXL,Men,2025-05-07 15:11:52
T-shirt 536,6365599.999999999,3.0,3,S,Women,2025-05-07 15:11:52
Hoodie 537,10839800.0,3.1,3,M,Unisex,2025-05-07 15:11:52
Pants 538,7667800.0,3.4,3,L,Men,2025-05-07 15:11:52
Outerwear 539,5865800.0,4.7,3,XL,Women,2025-05-07 15:11:52
Jacket 540,8814800.0,4.4,3,XXL,Unisex,2025-05-07 15:11:52
T-shirt 542,5951799.999999999,3.5,3,M,Women,2025-05-07 15:11:54
Hoodie 543,10894600.0,4.7,3,L,Unisex,2025-05-07 15:11:54
Pants 544,7447200.0,3.1,3,XL,Men,2025-05-07 15:11:54
Outerwear 545,4474200.0,4.0,3,XXL,Women,2025-05-07 15:11:54
Jacket 546,7839400.000000001,3.3,3,S,Unisex,2025-05-07 15:11:54
Crewneck 547,6701400.0,3.9,3,M,Men,2025-05-07 15:11:54
T-shirt 548,3357799.9999999995,4.6,3,L,Women,2025-05-07 15:11:54
Hoodie 549,3359000.0,3.7,3,XL,Unisex,2025-05-07 15:11:54
Pants 550,5562600.0,4.9,3,XXL,Men,2025-05-07 15:11:54
Jacket 552,6725400.0,4.1,3,M,Unisex,2025-05-07 15:11:54
Crewneck 553,9701000.0,3.8,3,L,Men,2025-05-07 15:11:54
T-shirt 554,5001400.0,4.5,3,XL,Women,2025-05-07 15:11:54
Hoodie 555,2262000.0,3.0,3,XXL,Unisex,2025-05-07 15:11:54
Outerwear 557,6825599.999999999,3.4,3,M,Women,2025-05-07 15:11:54
Jacket 558,6258800.0,4.0,3,L,Unisex,2025-05-07 15:11:54
Crewneck 559,1988600.0000000002,3.5,3,XL,Men,2025-05-07 15:11:54
T-shirt 560,8606600.0,4.2,3,XXL,Women,2025-05-07 15:11:54
Pants 562,4655200.0,4.5,3,M,Men,2025-05-07 15:11:56
Outerwear 563,10246800.0,4.7,3,L,Women,2025-05-07 15:11:56
Jacket 564,10399000.0,4.3,3,XL,Unisex,2025-05-07 15:11:56
Crewneck 565,9544000.0,3.5,3,XXL,Men,2025-05-07 15:11:56
T-shirt 566,3264200.0,4.6,3,S,Women,2025-05-07 15:11:56
Hoodie 567,5720200.0,3.2,3,M,Unisex,2025-05-07 15:11:56
Pants 568,3730200.0,3.3,3,L,Men,2025-05-07 15:11:56
Outerwear 569,6208600.0,4.7,3,XL,Women,2025-05-07 15:11:56
Jacket 570,5001200.0,3.9,3,XXL,Unisex,2025-05-07 15:11:56
T-shirt 572,5945400.0,3.2,3,M,Women,2025-05-07 15:11:56
Hoodie 573,8692600.0,4.5,3,L,Unisex,2025-05-07 15:11:56
Pants 574,3030000.0,3.8,3,XL,Men,2025-05-07 15:11:56
Outerwear 575,4397200.0,3.4,3,XXL,Women,2025-05-07 15:11:56
Jacket 576,1007000.0,3.5,3,S,Unisex,2025-05-07 15:11:56
Crewneck 577,9842400.0,3.3,3,M,Men,2025-05-07 15:11:56
T-shirt 578,9948600.0,4.1,3,L,Women,2025-05-07 15:11:56
Hoodie 579,5535800.0,4.4,3,XL,Unisex,2025-05-07 15:11:56
Pants 580,3281800.0,3.3,3,XXL,Men,2025-05-07 15:11:56
Jacket 582,5140200.0,4.1,3,M,Unisex,2025-05-07 15:11:58
Crewneck 583,7172200.0,4.5,3,L,Men,2025-05-07 15:11:58
T-shirt 584,8706200.0,4.8,3,XL,Women,2025-05-07 15:11:58
Hoodie 585,7733600.0,4.9,3,XXL,Unisex,2025-05-07 15:11:58
Outerwear 587,5531200.0,4.4,3,M,Women,2025-05-07 15:11:58
Jacket 588,6203800.0,4.7,3,L,Unisex,2025-05-07 15:11:58
Crewneck 589,1164800.0,4.7,3,XL,Men,2025-05-07 15:11:58
T-shirt 590,8071400.0,3.9,3,XXL,Women,2025-05-07 15:11:58
Pants 592,8506800.0,4.3,3,M,Men,2025-05-07 15:11:58
Outerwear 593,8954800.0,3.9,3,L,Women,2025-05-07 15:11:58
Jacket 594,10884600.0,4.2,3,XL,Unisex,2025-05-07 15:11:58
Crewneck 595,4654800.0,3.5,3,XXL,Men,2025-05-07 15:11:58
T-shirt 596,10363000.0,4.4,3,S,Women,2025-05-07 15:11:58
Hoodie 597,9961800.0,3.3,3,M,Unisex,2025-05-07 15:11:58
Pants 598,5892600.0,4.1,3,L,Men,2025-05-07 15:11:58
Outerwear 599,1473800.0,3.3,3,XL,Women,2025-05-07 15:11:58
Jacket 600,8017600.0,3.0,3,XXL,Unisex,2025-05-07 15:11:58
T-shirt 602,2826200.0,4.4,3,M,Women,2025-05-07 15:12:00
Hoodie 603,9389400.0,3.1,3,L,Unisex,2025-05-07 15:12:00
Pants 604,9577800.0,4.3,3,XL,Men,2025-05-07 15:12:00
Outerwear 605,2138400.0,3.7,3,XXL,Women,2025-05-07 15:12:00
Jacket 606,7213400.0,4.6,3,S,Unisex,2025-05-07 15:12:00
Crewneck 607,4822000.0,3.1,3,M,Men,2025-05-07 15:12:00
T-shirt 608,8809800.0,4.6,3,L,Women,2025-05-07 15:12:00
Hoodie 609,3695400.0,4.1,3,XL,Unisex,2025-05-07 15:12:00
Pants 610,5644200.0,3.3,3,XXL,Men,2025-05-07 15:12:00
Jacket 612,4003399.9999999995,3.1,3,M,Unisex,2025-05-07 15:12:00
Crewneck 613,1267400.0,3.6,3,L,Men,2025-05-07 15:12:00
T-shirt 614,3035200.0,3.1,3,XL,Women,2025-05-07 15:12:00
Hoodie 615,5998400.0,4.8,3,XXL,Unisex,2025-05-07 15:12:00
Outerwear 617,2207400.0,4.3,3,M,Women,2025-05-07 15:12:00
Jacket 618,8092600.0,3.3,3,L,Unisex,2025-05-07 15:12:00
Crewneck 619,10425800.0,4.4,3,XL,Men,2025-05-07 15:12:00
T-shirt 620,2837799.9999999995,3.3,3,XXL,Women,2025-05-07 15:12:00
Pants 622,6062000.0,3.5,3,M,Men,2025-05-07 15:12:02
Outerwear 623,9124400.0,4.6,3,L,Women,2025-05-07 15:12:02
Jacket 624,8679000.0,3.9,3,XL,Unisex,2025-05-07 15:12:02
Crewneck 625,9783000.0,4.1,3,XXL,Men,2025-05-07 15:12:02
T-shirt 626,9721800.0,4.5,3,S,Women,2025-05-07 15:12:02
Hoodie 627,1540400.0,3.2,3,M,Unisex,2025-05-07 15:12:02
Pants 628,10141400.0,4.3,3,L,Men,2025-05-07 15:12:02
Outerwear 629,4997400.0,4.4,3,XL,Women,2025-05-07 15:12:02
Jacket 630,1254600.0,3.8,3,XXL,Unisex,2025-05-07 15:12:02
T-shirt 632,5392800.0,3.6,3,M,Women,2025-05-07 15:12:02
Hoodie 633,3910000.0,3.1,3,L,Unisex,2025-05-07 15:12:02
Pants 634,10669600.0,3.9,3,XL,Men,2025-05-07 15:12:02
Outerwear 635,8621400.0,4.1,3,XXL,Women,2025-05-07 15:12:02
Jacket 636,4345400.0,4.5,3,S,Unisex,2025-05-07 15:12:02
Crewneck 637,7537800.0,4.0,3,M,Men,2025-05-07 15:12:02
T-shirt 638,6526200.0,4.6,3,L,Women,2025-05-07 15:12:02
Hoodie 639,8478400.0,4.7,3,XL,Unisex,2025-05-07 15:12:02
Pants 640,3798200.0,3.8,3,XXL,Men,2025-05-07 15:12:02
Jacket 642,9684200.0,4.7,3,M,Unisex,2025-05-07 15:12:04
Crewneck 643,7645000.0,3.2,3,L,Men,2025-05-07 15:12:04
T-shirt 644,9349200.0,4.2,3,XL,Women,2025-05-07 15:12:04
Hoodie 645,4106800.0,3.3,3,XXL,Unisex,2025-05-07 15:12:04
Outerwear 647,5381200.0,3.8,3,M,Women,2025-05-07 15:12:04
Jacket 648,10874400.0,4.5,3,L,Unisex,2025-05-07 15:12:04
Crewneck 649,10735200.0,3.2,3,XL,Men,2025-05-07 15:12:04
T-shirt 650,10016000.0,3.4,3,XXL,Women,2025-05-07 15:12:04
Pants 652,7606200.0,3.3,3,M,Men,2025-05-07 15:12:04
Outerwear 653,3277600.0,4.0,3,L,Women,2025-05-07 15:12:04
Jacket 654,5111800.0,4.7,3,XL,Unisex,2025-05-07 15:12:04
Crewneck 655,2292800.0,4.1,3,XXL,Men,2025-05-07 15:12:04
T-shirt 656,3173399.9999999995,4.2,3,S,Women,2025-05-07 15:12:04
Hoodie 657,10573800.000000002,4.8,3,M,Unisex,2025-05-07 15:12:04
Pants 658,7835400.0,3.8,3,L,Men,2025-05-07 15:12:04
Outerwear 659,2272400.0,3.3,3,XL,Women,2025-05-07 15:12:04
Jacket 660,10894000.0,3.5,3,XXL,Unisex,2025-05-07 15:12:04
T-shirt 662,1778400.0,4.5,3,M,Women,2025-05-07 15:12:07
Hoodie 663,8859000.0,4.0,3,L,Unisex,2025-05-07 15:12:07
Pants 664,10310800.0,3.5,3,XL,Men,2025-05-07 15:12:07
Outerwear 665,5042000.0,3.2,3,XXL,Women,2025-05-07 15:12:07
Jacket 666,6055000.0,3.9,3,S,Unisex,2025-05-07 15:12:07
Crewneck 667,2195800.0,3.7,3,M,Men,2025-05-07 15:12:07
T-shirt 668,6305800.0,3.7,3,L,Women,2025-05-07 15:12:07
Hoodie 669,2932600.0,3.3,3,XL,Unisex,2025-05-07 15:12:07
Pants 670,10508400.0,4.8,3,XXL,Men,2025-05-07 15:12:07
Jacket 672,5970200.0,4.5,3,M,Unisex,2025-05-07 15:12:07
Crewneck 673,3504200.0,4.7,3,L,Men,2025-05-07 15:12:07
T-shirt 674,3945800.0,3.1,3,XL,Women,2025-05-07 15:12:07
Hoodie 675,5393600.0,3.2,3,XXL,Unisex,2025-05-07 15:12:07
Outerwear 677,5821799.999999999,3.3,3,M,Women,2025-05-07 15:12:07
Jacket 678,3471400.0,4.3,3,L,Unisex,2025-05-07 15:12:07
Crewneck 679,7966400.0,3.2,3,XL,Men,2025-05-07 15:12:07
T-shirt 680,10206000.0,3.2,3,XXL,Women,2025-05-07 15:12:07
Pants 682,9520600.0,3.9,3,M,Men,2025-05-07 15:12:09
Outerwear 683,4884200.0,3.6,3,L,Women,2025-05-07 15:12:09
Jacket 684,8878200.0,3.5,3,XL,Unisex,2025-05-07 15:12:09
Crewneck 685,1869800.0,4.6,3,XXL,Men,2025-05-07 15:12:09
T-shirt 686,6727200.0,3.8,3,S,Women,2025-05-07 15:12:09
Hoodie 687,5276000.0,4.7,3,M,Unisex,2025-05-07 15:12:09
Pants 688,1859400.0,4.4,3,L,Men,2025-05-07 15:12:09
Outerwear 689,2423800.0,4.6,3,XL,Women,2025-05-07 15:12:09
Jacket 690,10978200.0,4.7,3,XXL,Unisex,2025-05-07 15:12:09
T-shirt 692,1770600.0,4.1,3,M,Women,2025-05-07 15:12:09
Hoodie 693,3789600.0,4.1,3,L,Unisex,2025-05-07 15:12:09
Pants 694,3083399.9999999995,3.4,3,XL,Men,2025-05-07 15:12:09
Outerwear 695,1199200.0,3.3,3,XXL,Women,2025-05-07 15:12:09
Jacket 696,6432800.0,4.2,3,S,Unisex,2025-05-07 15:12:09
Crewneck 697,8181400.0,5.0,3,M,Men,2025-05-07 15:12:09
T-shirt 698,3056200.0,4.1,3,L,Women,2025-05-07 15:12:09
Hoodie 699,6562800.0,4.5,3,XL,Unisex,2025-05-07 15:12:09
Pants 700,4408200.0,4.3,3,XXL,Men,2025-05-07 15:12:09
Jacket 702,6159600.0,4.3,3,M,Unisex,2025-05-07 15:12:11
Crewneck 703,3686400.0,4.2,3,L,Men,2025-05-07 15:12:11
T-shirt 704,7767800.0,4.1,3,XL,Women,2025-05-07 15:12:11
Hoodie 705,3803600.0,3.1,3,XXL,Unisex,2025-05-07 15:12:11
Outerwear 707,9682800.0,4.4,3,M,Women,2025-05-07 15:12:11
Jacket 708,10676600.0,4.3,3,L,Unisex,2025-05-07 15:12:11
Crewneck 709,8778000.0,3.9,3,XL,Men,2025-05-07 15:12:11
T-shirt 710,4689400.0,3.2,3,XXL,Women,2025-05-07 15:12:11
Pants 712,1888000.0,4.1,3,M,Men,2025-05-07 15:12:11
Outerwear 713,3928600.0,4.4,3,L,Women,2025-05-07 15:12:11
Jacket 714,1115400.0,3.1,3,XL,Unisex,2025-05-07 15:12:11
Crewneck 715,8777200.0,3.9,3,XXL,Men,2025-05-07 15:12:11
T-shirt 716,4503200.0,4.9,3,S,Women,2025-05-07 15:12:11
Hoodie 717,1916000.0,3.6,3,M,Unisex,2025-05-07 15:12:11
Pants 718,5071400.0,3.2,3,L,Men,2025-05-07 15:12:11
Outerwear 719,3966200.0,4.7,3,XL,Women,2025-05-07 15:12:11
Jacket 720,2535400.0,3.8,3,XXL,Unisex,2025-05-07 15:12:11
T-shirt 722,10905400.0,3.2,3,M,Women,2025-05-07 15:12:13
Hoodie 723,7081000.0,3.4,3,L,Unisex,2025-05-07 15:12:13
Pants 724,6031000.0,4.7,3,XL,Men,2025-05-07 15:12:13
Outerwear 725,6224000.0,3.0,3,XXL,Women,2025-05-07 15:12:13
Jacket 726,7932400.0,3.5,3,S,Unisex,2025-05-07 15:12:13
Crewneck 727,5030000.0,4.8,3,M,Men,2025-05-07 15:12:13
T-shirt 728,10216800.0,3.0,3,L,Women,2025-05-07 15:12:13
Hoodie 729,8039200.0,3.6,3,XL,Unisex,2025-05-07 15:12:13
Pants 730,9036000.0,4.5,3,XXL,Men,2025-05-07 15:12:13
Jacket 732,8247000.0,3.9,3,M,Unisex,2025-05-07 15:12:13
Crewneck 733,1453600.0000000002,4.7,3,L,Men,2025-05-07 15:12:13
T-shirt 734,8573200.0,4.2,3,XL,Women,2025-05-07 15:12:13
Hoodie 735,5830400.0,4.0,3,XXL,Unisex,2025-05-07 15:12:13
Outerwear 737,1269600.0,4.7,3,M,Women,2025-05-07 15:12:13
Jacket 738,2367400.0,3.7,3,L,Unisex,2025-05-07 15:12:13
Crewneck 739,10091200.0,3.3,3,XL,Men,2025-05-07 15:12:13
T-shirt 740,8770800.0,3.4,3,XXL,Women,2025-05-07 15:12:13
Pants 742,7032600.0,3.6,3,M,Men,2025-05-07 15:12:15
Outerwear 743,7097600.0,3.0,3,L,Women,2025-05-07 15:12:15
Jacket 744,6469600.0,4.1,3,XL,Unisex,2025-05-07 15:12:15
Crewneck 745,3603200.0,3.8,3,XXL,Men,2025-05-07 15:12:15
T-shirt 746,1896800.0,5.0,3,S,Women,2025-05-07 15:12:15
Hoodie 747,7908600.0,4.7,3,M,Unisex,2025-05-07 15:12:15
Pants 748,3917600.0,3.7,3,L,Men,2025-05-07 15:12:15
Outerwear 749,3284200.0,3.2,3,XL,Women,2025-05-07 15:12:15
Jacket 750,1288000.0,3.7,3,XXL,Unisex,2025-05-07 15:12:15
T-shirt 752,9289400.0,3.8,3,M,Women,2025-05-07 15:12:15
Hoodie 753,10172000.0,4.8,3,L,Unisex,2025-05-07 15:12:15
Pants 754,9037200.0,3.1,3,XL,Men,2025-05-07 15:12:15
Outerwear 755,8638000.0,4.6,3,XXL,Women,2025-05-07 15:12:15
Jacket 756,8910000.0,3.1,3,S,Unisex,2025-05-07 15:12:15
Crewneck 757,9478400.0,4.4,3,M,Men,2025-05-07 15:12:15
T-shirt 758,7532400.0,3.1,3,L,Women,2025-05-07 15:12:15
Hoodie 759,3474800.0,4.7,3,XL,Unisex,2025-05-07 15:12:15
Pants 760,2738800.0,4.1,3,XXL,Men,2025-05-07 15:12:15
Jacket 762,5114800.0,4.9,3,M,Unisex,2025-05-07 15:12:17
Crewneck 763,7240800.0,3.9,3,L,Men,2025-05-07 15:12:17
T-shirt 764,9014600.0,3.4,3,XL,Women,2025-05-07 15:12:17
Hoodie 765,1679199.9999999998,4.9,3,XXL,Unisex,2025-05-07 15:12:17
Outerwear 767,5191000.0,4.5,3,M,Women,2025-05-07 15:12:17
Jacket 768,7077600.0,4.9,3,L,Unisex,2025-05-07 15:12:17
Crewneck 769,7868200.000000001,3.3,3,XL,Men,2025-05-07 15:12:17
T-shirt 770,2068800.0,3.5,3,XXL,Women,2025-05-07 15:12:17
Pants 772,10935200.0,3.4,3,M,Men,2025-05-07 15:12:17
Outerwear 773,4242000.0,3.2,3,L,Women,2025-05-07 15:12:17
Jacket 774,1857200.0,4.1,3,XL,Unisex,2025-05-07 15:12:17
Crewneck 775,10236800.0,3.1,3,XXL,Men,2025-05-07 15:12:17
T-shirt 776,6666400.0,3.7,3,S,Women,2025-05-07 15:12:17
Hoodie 777,7631000.0,3.4,3,M,Unisex,2025-05-07 15:12:17
Pants 778,7543400.0,4.2,3,L,Men,2025-05-07 15:12:17
Outerwear 779,7270599.999999999,3.2,3,XL,Women,2025-05-07 15:12:17
Jacket 780,3459400.0,3.4,3,XXL,Unisex,2025-05-07 15:12:17
T-shirt 782,5146799.999999999,4.5,3,M,Women,2025-05-07 15:12:20
Hoodie 783,3138399.9999999995,3.0,3,L,Unisex,2025-05-07 15:12:20
Pants 784,6676600.0,3.0,3,XL,Men,2025-05-07 15:12:20
Outerwear 785,8055599.999999999,4.3,3,XXL,Women,2025-05-07 15:12:20
Jacket 786,8436600.0,5.0,3,S,Unisex,2025-05-07 15:12:20
Crewneck 787,5742000.0,4.7,3,M,Men,2025-05-07 15:12:20
T-shirt 788,3801400.0,4.7,3,L,Women,2025-05-07 15:12:20
Hoodie 789,2691600.0000000005,4.0,3,XL,Unisex,2025-05-07 15:12:20
Pants 790,2135400.0,3.2,3,XXL,Men,2025-05-07 15:12:20
Jacket 792,5086200.0,3.8,3,M,Unisex,2025-05-07 15:12:20
Crewneck 793,10812600.0,4.0,3,L,Men,2025-05-07 15:12:20
T-shirt 794,7478800.0,4.0,3,XL,Women,2025-05-07 15:12:20
Hoodie 795,5262000.0,3.9,3,XXL,Unisex,2025-05-07 15:12:20
Outerwear 797,3464200.0,4.9,3,M,Women,2025-05-07 15:12:20
Jacket 798,5488800.0,3.4,3,L,Unisex,2025-05-07 15:12:20
Crewneck 799,5061000.0,4.2,3,XL,Men,2025-05-07 15:12:20
T-shirt 800,9291600.0,4.6,3,XXL,Women,2025-05-07 15:12:20
Pants 802,7137800.0,4.4,3,M,Men,2025-05-07 15:12:22
Outerwear 803,2344200.0,4.3,3,L,Women,2025-05-07 15:12:22
Jacket 804,5573800.0,3.9,3,XL,Unisex,2025-05-07 15:12:22
Crewneck 805,4083399.9999999995,4.8,3,XXL,Men,2025-05-07 15:12:22
T-shirt 806,9138200.0,3.0,3,S,Women,2025-05-07 15:12:22
Hoodie 807,6270000.0,4.7,3,M,Unisex,2025-05-07 15:12:22
Pants 808,10897200.0,3.2,3,L,Men,2025-05-07 15:12:22
Outerwear 809,8953200.0,3.7,3,XL,Women,2025-05-07 15:12:22
Jacket 810,4745800.0,4.8,3,XXL,Unisex,2025-05-07 15:12:22
T-shirt 812,8007600.0,4.2,3,M,Women,2025-05-07 15:12:22
Hoodie 813,6091000.0,5.0,3,L,Unisex,2025-05-07 15:12:22
Pants 814,1387600.0,4.7,3,XL,Men,2025-05-07 15:12:22
Outerwear 815,7481799.999999999,4.8,3,XXL,Women,2025-05-07 15:12:22
Jacket 816,2061399.9999999998,4.5,3,S,Unisex,2025-05-07 15:12:22
Crewneck 817,10930200.0,4.4,3,M,Men,2025-05-07 15:12:22
T-shirt 818,6450400.0,3.8,3,L,Women,2025-05-07 15:12:22
Hoodie 819,5928000.0,4.7,3,XL,Unisex,2025-05-07 15:12:22
Pants 820,7538400.0,3.4,3,XXL,Men,2025-05-07 15:12:22
Jacket 822,1047800.0,4.2,3,M,Unisex,2025-05-07 15:12:24
Crewneck 823,7629400.000000001,4.7,3,L,Men,2025-05-07 15:12:24
T-shirt 824,4126800.0,4.1,3,XL,Women,2025-05-07 15:12:24
Hoodie 825,1323000.0,3.8,3,XXL,Unisex,2025-05-07 15:12:24
Outerwear 827,8863800.0,4.8,3,M,Women,2025-05-07 15:12:24
Jacket 828,2905000.0,4.6,3,L,Unisex,2025-05-07 15:12:24
Crewneck 829,5788000.0,4.4,3,XL,Men,2025-05-07 15:12:24
T-shirt 830,5620599.999999999,3.0,3,XXL,Women,2025-05-07 15:12:24
Pants 832,4944200.0,4.6,3,M,Men,2025-05-07 15:12:24
Outerwear 833,8876600.0,3.0,3,L,Women,2025-05-07 15:12:24
Jacket 834,9029600.0,3.1,3,XL,Unisex,2025-05-07 15:12:24
Crewneck 835,8929200.0,3.9,3,XXL,Men,2025-05-07 15:12:24
T-shirt 836,7581799.999999999,4.1,3,S,Women,2025-05-07 15:12:24
Hoodie 837,6915800.0,5.0,3,M,Unisex,2025-05-07 15:12:24
Pants 838,3561000.0,3.1,3,L,Men,2025-05-07 15:12:24
Outerwear 839,5260400.0,3.9,3,XL,Women,2025-05-07 15:12:24
Jacket 840,10205800.0,3.6,3,XXL,Unisex,2025-05-07 15:12:24
T-shirt 842,3573800.0,3.3,3,M,Women,2025-05-07 15:12:26
Hoodie 843,3746400.0,3.6,3,L,Unisex,2025-05-07 15:12:26
Pants 844,9278600.0,3.9,3,XL,Men,2025-05-07 15:12:26
Outerwear 845,2529000.0,3.2,3,XXL,Women,2025-05-07 15:12:26
Jacket 846,9350600.0,3.6,3,S,Unisex,2025-05-07 15:12:26
Crewneck 847,5987400.0,3.7,3,M,Men,2025-05-07 15:12:26
T-shirt 848,7667800.0,4.1,3,L,Women,2025-05-07 15:12:26
Hoodie 849,9770200.0,3.5,3,XL,Unisex,2025-05-07 15:12:26
Pants 850,5180200.0,4.2,3,XXL,Men,2025-05-07 15:12:26
Jacket 852,3471600.0000000005,4.1,3,M,Unisex,2025-05-07 15:12:26
Crewneck 853,3304800.0,3.4,3,L,Men,2025-05-07 15:12:26
T-shirt 854,2000000.0,4.5,3,XL,Women,2025-05-07 15:12:26
Hoodie 855,4062200.0000000005,5.0,3,XXL,Unisex,2025-05-07 15:12:26
Outerwear 857,5666000.0,3.0,3,M,Women,2025-05-07 15:12:26
Jacket 858,4685800.0,3.7,3,L,Unisex,2025-05-07 15:12:26
Crewneck 859,8023200.000000001,3.0,3,XL,Men,2025-05-07 15:12:26
T-shirt 860,3024200.0,4.7,3,XXL,Women,2025-05-07 15:12:26
Pants 862,5164200.0,3.3,3,M,Men,2025-05-07 15:12:28
Outerwear 863,1339199.9999999998,4.0,3,L,Women,2025-05-07 15:12:28
Jacket 864,2710000.0,4.5,3,XL,Unisex,2025-05-07 15:12:28
Crewneck 865,8506400.0,3.9,3,XXL,Men,2025-05-07 15:12:28
T-shirt 866,2998800.0,3.2,3,S,Women,2025-05-07 15:12:28
Hoodie 867,1629800.0,3.3,3,M,Unisex,2025-05-07 15:12:28
Pants 868,9342200.0,4.6,3,L,Men,2025-05-07 15:12:28
Outerwear 869,7550400.0,4.5,3,XL,Women,2025-05-07 15:12:28
Jacket 870,7993800.0,3.5,3,XXL,Unisex,2025-05-07 15:12:28
T-shirt 872,1679600.0,4.3,3,M,Women,2025-05-07 15:12:28
Hoodie 873,10402000.0,4.8,3,L,Unisex,2025-05-07 15:12:28
Pants 874,3444000.0,4.4,3,XL,Men,2025-05-07 15:12:28
Outerwear 875,3133399.9999999995,4.6,3,XXL,Women,2025-05-07 15:12:28
Jacket 876,4032200.0000000005,4.6,3,S,Unisex,2025-05-07 15:12:28
Crewneck 877,5690800.0,4.6,3,M,Men,2025-05-07 15:12:28
T-shirt 878,6012200.0,4.7,3,L,Women,2025-05-07 15:12:28
Hoodie 879,1283600.0000000002,3.1,3,XL,Unisex,2025-05-07 15:12:28
Pants 880,8122200.0,4.3,3,XXL,Men,2025-05-07 15:12:28
Jacket 882,8026200.0,3.3,3,M,Unisex,2025-05-07 15:12:30
Crewneck 883,7376400.0,3.6,3,L,Men,2025-05-07 15:12:30
T-shirt 884,9268400.0,4.3,3,XL,Women,2025-05-07 15:12:30
Hoodie 885,5950800.0,3.4,3,XXL,Unisex,2025-05-07 15:12:30
Outerwear 887,9758000.0,3.8,3,M,Women,2025-05-07 15:12:30
Jacket 888,9836600.0,4.2,3,L,Unisex,2025-05-07 15:12:30
Crewneck 889,7917400.0,4.6,3,XL,Men,2025-05-07 15:12:30
T-shirt 890,8048800.0,4.7,3,XXL,Women,2025-05-07 15:12:30
Pants 892,10644200.0,4.4,3,M,Men,2025-05-07 15:12:30
Outerwear 893,3342000.0,3.2,3,L,Women,2025-05-07 15:12:30
Jacket 894,3683200.0,4.8,3,XL,Unisex,2025-05-07 15:12:30
Crewneck 895,1408400.0,4.3,3,XXL,Men,2025-05-07 15:12:30
T-shirt 896,9842200.0,4.9,3,S,Women,2025-05-07 15:12:30
Hoodie 897,7597400.0,3.1,3,M,Unisex,2025-05-07 15:12:30
Pants 898,10510800.0,4.1,3,L,Men,2025-05-07 15:12:30
Outerwear 899,7741200.0,4.8,3,XL,Women,2025-05-07 15:12:30
Jacket 900,9017800.0,3.3,3,XXL,Unisex,2025-05-07 15:12:30
T-shirt 902,3955000.0,3.6,3,M,Women,2025-05-07 15:12:33
Hoodie 903,3272400.0,4.1,3,L,Unisex,2025-05-07 15:12:33
Pants 904,4195400.0,3.9,3,XL,Men,2025-05-07 15:12:33
Outerwear 905,6284800.0,4.9,3,XXL,Women,2025-05-07 15:12:33
Jacket 906,5377200.0,3.9,3,S,Unisex,2025-05-07 15:12:33
Crewneck 907,10915800.0,4.9,3,M,Men,2025-05-07 15:12:33
T-shirt 908,9943600.0,4.2,3,L,Women,2025-05-07 15:12:33
Hoodie 909,10479800.0,3.6,3,XL,Unisex,2025-05-07 15:12:33
Pants 910,2994000.0,4.7,3,XXL,Men,2025-05-07 15:12:33
Jacket 912,9816600.0,4.9,3,M,Unisex,2025-05-07 15:12:33
Crewneck 913,4027799.9999999995,3.5,3,L,Men,2025-05-07 15:12:33
T-shirt 914,7249000.0,4.6,3,XL,Women,2025-05-07 15:12:33
Hoodie 915,3311400.0,4.2,3,XXL,Unisex,2025-05-07 15:12:33
Outerwear 917,7577000.0,4.0,3,M,Women,2025-05-07 15:12:33
Jacket 918,6726000.0,3.3,3,L,Unisex,2025-05-07 15:12:33
Crewneck 919,10455000.0,4.7,3,XL,Men,2025-05-07 15:12:33
T-shirt 920,4632600.0,3.2,3,XXL,Women,2025-05-07 15:12:33
Pants 922,1513600.0000000002,4.4,3,M,Men,2025-05-07 15:12:35
Outerwear 923,3044800.0,3.7,3,L,Women,2025-05-07 15:12:35
Jacket 924,4705400.0,3.8,3,XL,Unisex,2025-05-07 15:12:35
Crewneck 925,9876000.0,4.5,3,XXL,Men,2025-05-07 15:12:35
T-shirt 926,2388800.0,4.6,3,S,Women,2025-05-07 15:12:35
Hoodie 927,9633000.0,3.5,3,M,Unisex,2025-05-07 15:12:35
Pants 928,4889600.0,3.4,3,L,Men,2025-05-07 15:12:35
Outerwear 929,1566800.0,3.3,3,XL,Women,2025-05-07 15:12:35
Jacket 930,2176400.0,4.9,3,XXL,Unisex,2025-05-07 15:12:35
T-shirt 932,7422000.0,4.2,3,M,Women,2025-05-07 15:12:35
Hoodie 933,6201000.0,3.4,3,L,Unisex,2025-05-07 15:12:35
Pants 934,2810200.0,3.6,3,XL,Men,2025-05-07 15:12:35
Outerwear 935,7560000.0,4.1,3,XXL,Women,2025-05-07 15:12:35
Jacket 936,7706799.999999999,3.1,3,S,Unisex,2025-05-07 15:12:35
Crewneck 937,3094200.0,4.1,3,M,Men,2025-05-07 15:12:35
T-shirt 938,5073000.0,3.6,3,L,Women,2025-05-07 15:12:35
Hoodie 939,5582600.0,4.8,3,XL,Unisex,2025-05-07 15:12:35
Pants 940,7220000.0,3.7,3,XXL,Men,2025-05-07 15:12:35
Jacket 942,9966200.0,3.0,3,M,Unisex,2025-05-07 15:12:37
Crewneck 943,5713800.0,4.4,3,L,Men,2025-05-07 15:12:37
T-shirt 944,1972800.0,4.6,3,XL,Women,2025-05-07 15:12:37
Hoodie 945,2634600.0,4.2,3,XXL,Unisex,2025-05-07 15:12:37
Outerwear 947,8849600.0,4.6,3,M,Women,2025-05-07 15:12:37
Jacket 948,5750599.999999999,3.9,3,L,Unisex,2025-05-07 15:12:37
Crewneck 949,2305400.0,4.4,3,XL,Men,2025-05-07 15:12:37
T-shirt 950,9614600.0,4.9,3,XXL,Women,2025-05-07 15:12:37
Pants 952,8943800.0,3.7,3,M,Men,2025-05-07 15:12:37
Outerwear 953,10529000.0,3.8,3,L,Women,2025-05-07 15:12:37
Jacket 954,4848400.0,4.1,3,XL,Unisex,2025-05-07 15:12:37
Crewneck 955,8758200.0,4.7,3,XXL,Men,2025-05-07 15:12:37
T-shirt 956,5572000.0,3.1,3,S,Women,2025-05-07 15:12:37
Hoodie 957,5030400.0,4.4,3,M,Unisex,2025-05-07 15:12:37
Pants 958,4932800.0,4.8,3,L,Men,2025-05-07 15:12:37
Outerwear 959,8535600.0,4.6,3,XL,Women,2025-05-07 15:12:37
Jacket 960,7300200.0,4.5,3,XXL,Unisex,2025-05-07 15:12:37
T-shirt 962,3609800.0,4.1,3,M,Women,2025-05-07 15:12:39
Hoodie 963,9895200.0,4.6,3,L,Unisex,2025-05-07 15:12:39
Pants 964,4856600.0,3.3,3,XL,Men,2025-05-07 15:12:39
Outerwear 965,3884000.0,4.5,3,XXL,Women,2025-05-07 15:12:39
Jacket 966,10624400.0,4.9,3,S,Unisex,2025-05-07 15:12:39
Crewneck 967,2180000.0,3.5,3,M,Men,2025-05-07 15:12:39
T-shirt 968,5056400.0,4.4,3,L,Women,2025-05-07 15:12:39
Hoodie 969,5289800.0,3.8,3,XL,Unisex,2025-05-07 15:12:39
Pants 970,1191200.0,4.6,3,XXL,Men,2025-05-07 15:12:39
Jacket 972,9090000.0,4.4,3,M,Unisex,2025-05-07 15:12:39
Crewneck 973,8918000.0,3.9,3,L,Men,2025-05-07 15:12:39
T-shirt 974,5961600.0,3.0,3,XL,Women,2025-05-07 15:12:39
Hoodie 975,6020000.0,3.6,3,XXL,Unisex,2025-05-07 15:12:39
Outerwear 977,4195000.0,3.6,3,M,Women,2025-05-07 15:12:39
Jacket 978,4897800.0,3.6,3,L,Unisex,2025-05-07 15:12:39
Crewneck 979,6060599.999999999,3.4,3,XL,Men,2025-05-07 15:12:39
T-shirt 980,8180000.0,3.1,3,XXL,Women,2025-05-07 15:12:39
Pants 982,9102200.0,4.9,3,M,Men,2025-05-07 15:12:41
Outerwear 983,7203200.000000001,3.2,3,L,Women,2025-05-07 15:12:41
Jacket 984,9186800.0,3.8,3,XL,Unisex,2025-05-07 15:12:41
Crewneck 985,7795000.0,4.3,3,XXL,Men,2025-05-07 15:12:41
T-shirt 986,8392200.0,4.5,3,S,Women,2025-05-07 15:12:41
Hoodie 987,5010000.0,4.7,3,M,Unisex,2025-05-07 15:12:41
Pants 988,2567799.9999999995,3.5,3,L,Men,2025-05-07 15:12:41
Outerwear 989,8586800.0,4.2,3,XL,Women,2025-05-07 15:12:41
Jacket 990,4159200.0,4.2,3,XXL,Unisex,2025-05-07 15:12:41
T-shirt 992,6050599.999999999,4.9,3,M,Women,2025-05-07 15:12:41
Hoodie 993,7952400.0,3.4,3,L,Unisex,2025-05-07 15:12:41
Pants 994,2117200.0,4.4,3,XL,Men,2025-05-07 15:12:41
Outerwear 995,10058400.0,3.2,3,XXL,Women,2025-05-07 15:12:41
Jacket 996,8678000.0,4.3,3,S,Unisex,2025-05-07 15:12:41
Crewneck 997,6651600.0,3.9,3,M,Men,2025-05-07 15:12:41
T-shirt 998,1135000.0,4.2,3,L,Women,2025-05-07 15:12:41
Hoodie 999,10667800.0,4.8,3,XL,Unisex,2025-05-07 15:12:41
Pants 1000,3672799.9999999995,4.7,3,XXL,Men,2025-05-07 15:12:41
